{"cameraMode":{"drawMode":0,"name":"Shaded","section":"Shading Mode"},"sceneLighting":true,"audioPlay":false,"sceneViewState":{"showFog":true,"showMaterialUpdate":false,"showSkybox":true,"showFlares":true,"showImageEffects":true,"showParticleSystems":true,"showVisualEffectGraphs":true,"m_FxEnabled":true},"in2DMode":false,"pivot":{"x":-0.29123884439468386,"y":-5.456709861755371,"z":4.323860168457031},"rotation":{"x":0.3441300094127655,"y":0.0017030439339578152,"z":-0.0006209347629919648,"w":0.9389269351959229},"size":12.247577667236329,"orthographic":false}