{"cameraMode":{"drawMode":0,"name":"Shaded","section":"Shading Mode"},"sceneLighting":true,"audioPlay":false,"sceneViewState":{"showFog":true,"showMaterialUpdate":false,"showSkybox":true,"showFlares":true,"showImageEffects":true,"showParticleSystems":true,"showVisualEffectGraphs":true,"m_FxEnabled":true},"in2DMode":false,"pivot":{"x":-0.2286435216665268,"y":-1.1278419494628907,"z":1.4323511123657227},"rotation":{"x":-0.00032378447940573096,"y":-0.9320375919342041,"z":0.3623717129230499,"w":-0.000831186946015805},"size":10.015612602233887,"orthographic":false}